{
  "display": {
    "background": "slot:textures/screens/41.png",
    "icon": {
      "item": "slot:ruby"
    },
    "title": {
      "translate": "advancements.dostizhieniie_1.title"
    },
    "description": {
      "translate": "advancements.dostizhieniie_1.descr"
    },
    "frame": "task",
    "show_toast": true,
    "announce_to_chat": true,
    "hidden": true
  },
  "criteria": {
    "dostizhieniie_1": {
      "trigger": "minecraft:inventory_changed",
      "conditions": {
        "items": [
          {
            "items": [
              "slot:ruby"
            ],
            "count": {
              "min": 1,
              "max": 1
            }
          }
        ]
      }
    }
  },
  "rewards": {
    "experience": 5,
    "recipes": [
      "slot:kirka",
      "slot:ruby_sword",
      "slot:lopata",
      "slot:motygha",
      "slot:topor",
      "slot:shliem",
      "slot:kirasa",
      "slot:ponozhi",
      "slot:botinki",
      "slot:blokrudy"
    ]
  }
}