{
  "_fv": 39,
  "_type": "armor",
  "definition": {
    "enableHelmet": true,
    "textureHelmet": "8",
    "enableBody": true,
    "textureBody": "7",
    "enableLeggings": true,
    "textureLeggings": "9",
    "enableBoots": true,
    "textureBoots": "6",
    "creativeTab": {
      "value": "CUSTOM:Rubytab"
    },
    "armorTextureFile": "ruby_armor",
    "helmetName": "Ruby_armor Helmet",
    "bodyName": "Ruby_armor Chestplate",
    "leggingsName": "Ruby_armor Leggings",
    "bootsName": "Ruby_armor Boots",
    "helmetSpecialInfo": [],
    "bodySpecialInfo": [],
    "leggingsSpecialInfo": [],
    "bootsSpecialInfo": [],
    "helmetModelName": "Default",
    "helmetModelPart": "Helmet",
    "helmetModelTexture": "From armor",
    "bodyModelName": "Default",
    "bodyModelPart": "Body",
    "armsModelPartL": "Arms L",
    "armsModelPartR": "Arms R",
    "bodyModelTexture": "From armor",
    "leggingsModelName": "Default",
    "leggingsModelPartL": "Leggings L",
    "leggingsModelPartR": "Leggings R",
    "leggingsModelTexture": "From armor",
    "bootsModelName": "Default",
    "bootsModelPartL": "Boots L",
    "bootsModelPartR": "Boots R",
    "bootsModelTexture": "From armor",
    "helmetItemRenderType": 0,
    "helmetItemCustomModelName": "Normal",
    "bodyItemRenderType": 0,
    "bodyItemCustomModelName": "Normal",
    "leggingsItemRenderType": 0,
    "leggingsItemCustomModelName": "Normal",
    "bootsItemRenderType": 0,
    "bootsItemCustomModelName": "Normal",
    "helmetImmuneToFire": false,
    "bodyImmuneToFire": false,
    "leggingsImmuneToFire": false,
    "bootsImmuneToFire": false,
    "maxDamage": 39,
    "damageValueHelmet": 4,
    "damageValueBody": 9,
    "damageValueLeggings": 7,
    "damageValueBoots": 4,
    "enchantability": 25,
    "toughness": 4.0,
    "knockbackResistance": 0.30000000000000004,
    "equipSound": {
      "value": "item.armor.equip_netherite"
    },
    "repairItems": [
      {
        "value": "CUSTOM:Ruby"
      }
    ]
  }
}