{
  "_fv": 39,
  "_type": "dimension",
  "definition": {
    "biomesInDimension": [
      {
        "value": "CUSTOM:Scarlands"
      },
      {
        "value": "CUSTOM:Scarredwasteland"
      },
      {
        "value": "CUSTOM:Wolfforest"
      },
      {
        "value": "CUSTOM:BloodySnowValley"
      }
    ],
    "worldGenType": "Normal world gen",
    "mainFillerBlock": {
      "value": "CUSTOM:Scarredearth"
    },
    "fluidBlock": {
      "value": "Blocks.BUBBLE_COLUMN"
    },
    "airColor": {
      "value": -6750208,
      "falpha": 0.0
    },
    "canRespawnHere": false,
    "hasFog": true,
    "isDark": false,
    "doesWaterVaporize": false,
    "sleepResult": "DENY",
    "hasSkyLight": false,
    "imitateOverworldBehaviour": false,
    "portalFrame": {
      "value": "CUSTOM:RubyBlock"
    },
    "portalParticles": {
      "value": "CUSTOM:Portalparticle"
    },
    "portalLuminance": 2,
    "portalSound": {
      "value": "block.portal.ambient"
    },
    "igniterName": "Ruby Portal Igniter",
    "igniterTab": {
      "value": "CUSTOM:Rubytab"
    },
    "texture": "11",
    "portalTexture": "41",
    "enablePortal": true
  }
}