{
  "display": {
    "icon": {
      "item": "slot:ruby_armor_armor_chestplate"
    },
    "title": {
      "translate": "advancements.dostizhieniie_2.title"
    },
    "description": {
      "translate": "advancements.dostizhieniie_2.descr"
    },
    "frame": "challenge",
    "show_toast": true,
    "announce_to_chat": true,
    "hidden": false
  },
  "criteria": {
    "dostizhieniie_2": {
      "trigger": "minecraft:inventory_changed",
      "conditions": {
        "items": [
          {
            "items": [
              "slot:ruby_armor_armor_chestplate"
            ],
            "count": {
              "min": 1,
              "max": 1
            }
          }
        ]
      }
    }
  },
  "rewards": {
    "experience": 10
  },
  "parent": "slot:dostizhieniie_1"
}