{
  "_fv": 39,
  "_type": "achievement",
  "definition": {
    "achievementName": "Ruby+",
    "achievementDescription": "Get your first Ruby",
    "achievementIcon": {
      "value": "CUSTOM:Ruby"
    },
    "background": "41.png",
    "disableDisplay": false,
    "showPopup": true,
    "announceToChat": true,
    "hideIfNotCompleted": true,
    "rewardLoot": [],
    "rewardRecipes": [
      "Kirka",
      "Miech",
      "Lopata",
      "Motygha",
      "Topor",
      "Shliem",
      "Kirasa",
      "Ponozhi",
      "Botinki",
      "Blokrudy"
    ],
    "rewardFunction": "No function",
    "rewardXP": 5,
    "achievementType": "task",
    "parent": {
      "value": "No parent: root"
    },
    "triggerxml": "<xml xmlns=\"https://developers.google.com/blockly/xml\"><block type=\"item_in_inventory\" x=\"37\" y=\"18\"><value name=\"amount_l\"><block type=\"math_number\"><field name=\"NUM\">1</field></block></value><value name=\"amount_h\"><block type=\"math_number\"><field name=\"NUM\">1</field></block></value><value name=\"item\"><block type=\"mcitem_all\"><field name=\"value\">CUSTOM:Ruby</field></block></value><next><block type=\"advancement_trigger\" deletable=\"false\"></block></next></block></xml>"
  }
}