{
  "_fv": 39,
  "_type": "biome",
  "definition": {
    "name": "Scarlands",
    "groundBlock": {
      "value": "Blocks.DIRT#2"
    },
    "undergroundBlock": {
      "value": "Blocks.DIRT#1"
    },
    "underwaterBlock": {
      "value": ""
    },
    "airColor": {
      "value": -10924209,
      "falpha": 0.0
    },
    "grassColor": {
      "value": -10137020,
      "falpha": 0.0
    },
    "foliageColor": {
      "value": -10134012,
      "falpha": 0.0
    },
    "waterColor": {
      "value": -13565952,
      "falpha": 0.0
    },
    "waterFogColor": {
      "value": -803899,
      "falpha": 0.0
    },
    "ambientSound": {
      "value": ""
    },
    "additionsSound": {
      "value": ""
    },
    "music": {
      "value": ""
    },
    "moodSound": {
      "value": ""
    },
    "moodSoundDelay": 6000,
    "spawnParticles": false,
    "particleToSpawn": {
      "value": "EXPLOSION_NORMAL"
    },
    "particlesProbability": 0.5,
    "rainingPossibility": 0.6,
    "temperature": 0.5,
    "spawnBiome": false,
    "spawnInCaves": false,
    "spawnBiomeNether": false,
    "genTemperature": {
      "min": -0.14,
      "max": 0.14
    },
    "genHumidity": {
      "min": 0.05999999999999994,
      "max": 0.33999999999999997
    },
    "genContinentalness": {
      "min": 0.37,
      "max": 0.65
    },
    "genErosion": {
      "min": 0.66,
      "max": 0.9400000000000001
    },
    "genWeirdness": {
      "min": -0.7567210968306691,
      "max": -0.4767210968306691
    },
    "grassPerChunk": 0,
    "seagrassPerChunk": 0,
    "flowersPerChunk": 0,
    "mushroomsPerChunk": 3,
    "bigMushroomsChunk": 1,
    "sandPatchesPerChunk": 0,
    "gravelPatchesPerChunk": 0,
    "reedsPerChunk": 0,
    "cactiPerChunk": 0,
    "treesPerChunk": 2,
    "vanillaTreeType": "Default",
    "treeType": 1,
    "minHeight": 9,
    "treeStem": {
      "value": "Blocks.LOG#1"
    },
    "treeBranch": {
      "value": "Blocks.LEAVES#0"
    },
    "treeVines": {
      "value": "Blocks.WEB"
    },
    "treeFruits": {
      "value": ""
    },
    "spawnStronghold": false,
    "spawnMineshaft": false,
    "spawnMineshaftMesa": true,
    "spawnPillagerOutpost": false,
    "villageType": "none",
    "spawnWoodlandMansion": false,
    "spawnJungleTemple": false,
    "spawnDesertPyramid": false,
    "spawnSwampHut": false,
    "spawnIgloo": false,
    "spawnOceanMonument": false,
    "spawnShipwreck": false,
    "spawnShipwreckBeached": false,
    "spawnBuriedTreasure": false,
    "oceanRuinType": "NONE",
    "spawnNetherBridge": false,
    "spawnNetherFossil": false,
    "spawnBastionRemnant": false,
    "spawnEndCity": false,
    "spawnRuinedPortal": "NONE",
    "defaultFeatures": [
      "Caves",
      "Ores",
      "FrozenTopLayer"
    ],
    "spawnEntries": []
  }
}