{
  "_fv": 39,
  "_type": "biome",
  "definition": {
    "name": "Scarred_wasteland",
    "groundBlock": {
      "value": "CUSTOM:Rubydirt"
    },
    "undergroundBlock": {
      "value": "CUSTOM:Scarredearth"
    },
    "underwaterBlock": {
      "value": ""
    },
    "airColor": {
      "value": -6750208,
      "falpha": 0.0
    },
    "grassColor": {
      "value": -13421824,
      "falpha": 0.0
    },
    "foliageColor": {
      "value": -13093081,
      "falpha": 0.0
    },
    "waterColor": {
      "value": -13107200,
      "falpha": 0.0
    },
    "waterFogColor": {
      "value": -13883,
      "falpha": 0.0
    },
    "ambientSound": {
      "value": ""
    },
    "additionsSound": {
      "value": ""
    },
    "music": {
      "value": ""
    },
    "moodSound": {
      "value": "ambient.cave"
    },
    "moodSoundDelay": 2000,
    "spawnParticles": true,
    "particleToSpawn": {
      "value": "CRIMSON_SPORE"
    },
    "particlesProbability": 0.5,
    "rainingPossibility": 0.0,
    "temperature": 0.30000000000000004,
    "spawnBiome": false,
    "spawnInCaves": false,
    "spawnBiomeNether": false,
    "genTemperature": {
      "min": -0.4333333333333333,
      "max": 0.16666666666666669
    },
    "genHumidity": {
      "min": -1.3,
      "max": -0.7
    },
    "genContinentalness": {
      "min": 0.23000000000000004,
      "max": 0.8300000000000001
    },
    "genErosion": {
      "min": 0.5,
      "max": 1.1
    },
    "genWeirdness": {
      "min": -0.980890102227487,
      "max": -0.3808901022274869
    },
    "grassPerChunk": 3,
    "seagrassPerChunk": 0,
    "flowersPerChunk": 0,
    "mushroomsPerChunk": 0,
    "bigMushroomsChunk": 0,
    "sandPatchesPerChunk": 0,
    "gravelPatchesPerChunk": 0,
    "reedsPerChunk": 0,
    "cactiPerChunk": 0,
    "treesPerChunk": 0,
    "vanillaTreeType": "Savanna trees",
    "treeType": 0,
    "minHeight": 14,
    "treeStem": {
      "value": ""
    },
    "treeBranch": {
      "value": ""
    },
    "treeVines": {
      "value": ""
    },
    "treeFruits": {
      "value": ""
    },
    "spawnStronghold": false,
    "spawnMineshaft": true,
    "spawnMineshaftMesa": false,
    "spawnPillagerOutpost": false,
    "villageType": "none",
    "spawnWoodlandMansion": false,
    "spawnJungleTemple": false,
    "spawnDesertPyramid": false,
    "spawnSwampHut": true,
    "spawnIgloo": false,
    "spawnOceanMonument": false,
    "spawnShipwreck": false,
    "spawnShipwreckBeached": false,
    "spawnBuriedTreasure": false,
    "oceanRuinType": "NONE",
    "spawnNetherBridge": false,
    "spawnNetherFossil": false,
    "spawnBastionRemnant": false,
    "spawnEndCity": false,
    "spawnRuinedPortal": "NONE",
    "defaultFeatures": [
      "Caves",
      "Ores",
      "FrozenTopLayer"
    ],
    "spawnEntries": []
  }
}