{
  "_fv": 34,
  "_type": "rangeditem",
  "definition": {
    "renderType": 0,
    "texture": "bottle_with_life",
    "customModelName": "Normal",
    "name": "Bottle with life",
    "specialInfo": [],
    "creativeTab": {
      "value": "CUSTOM:Rubytab"
    },
    "stackSize": 16,
    "ammoItem": {
      "value": ""
    },
    "shootConstantly": false,
    "usageCount": 100,
    "actionSound": {
      "value": "entity.arrow.shoot"
    },
    "hasGlow": true,
    "animation": "bow",
    "enableMeleeDamage": false,
    "damageVsEntity": 0.0,
    "bulletPower": 1.0,
    "bulletDamage": 5.0,
    "bulletKnockback": 0,
    "bulletParticles": true,
    "bulletIgnitesFire": false,
    "bulletItemTexture": {
      "value": "CUSTOM:Heartarrow"
    },
    "bulletModel": "Default",
    "customBulletModelTexture": ""
  }
}