{
  "_fv": 34,
  "_type": "biome",
  "definition": {
    "name": "Bloody Snow Valley",
    "groundBlock": {
      "value": "Blocks.SNOW_LAYER"
    },
    "undergroundBlock": {
      "value": "CUSTOM:Scarredearth"
    },
    "underwaterBlock": {
      "value": "Blocks.FLOWING_WATER"
    },
    "airColor": {
      "value": -10066330,
      "falpha": 0.0
    },
    "grassColor": {
      "value": -26215,
      "falpha": 0.0
    },
    "foliageColor": {
      "value": -3355444,
      "falpha": 0.0
    },
    "waterColor": {
      "value": -13108,
      "falpha": 0.0
    },
    "waterFogColor": {
      "value": -26215,
      "falpha": 0.0
    },
    "ambientSound": {
      "value": ""
    },
    "additionsSound": {
      "value": ""
    },
    "music": {
      "value": ""
    },
    "moodSound": {
      "value": ""
    },
    "moodSoundDelay": 6000,
    "spawnParticles": true,
    "particleToSpawn": {
      "value": "SNOW_SHOVEL"
    },
    "particlesProbability": 0.9,
    "rainingPossibility": 1.0,
    "temperature": 0.0,
    "baseHeight": 0.1,
    "heightVariation": 0.2,
    "spawnBiome": false,
    "spawnBiomeNether": false,
    "spawnInCaves": false,
    "biomeWeight": 7,
    "grassPerChunk": 0,
    "seagrassPerChunk": 0,
    "flowersPerChunk": 0,
    "mushroomsPerChunk": 0,
    "bigMushroomsChunk": 0,
    "sandPatchesPerChunk": 1,
    "gravelPatchesPerChunk": 2,
    "reedsPerChunk": 0,
    "cactiPerChunk": 0,
    "treesPerChunk": 1,
    "vanillaTreeType": "Default",
    "treeType": 1,
    "minHeight": 3,
    "treeStem": {
      "value": "CUSTOM:ScarredLog"
    },
    "treeBranch": {
      "value": "CUSTOM:ScarredLeaves"
    },
    "treeVines": {
      "value": ""
    },
    "treeFruits": {
      "value": ""
    },
    "spawnStronghold": false,
    "spawnMineshaft": true,
    "spawnMineshaftMesa": false,
    "spawnPillagerOutpost": false,
    "villageType": "snowy",
    "spawnWoodlandMansion": false,
    "spawnJungleTemple": false,
    "spawnDesertPyramid": false,
    "spawnSwampHut": false,
    "spawnIgloo": true,
    "spawnOceanMonument": false,
    "spawnShipwreck": false,
    "spawnShipwreckBeached": false,
    "spawnBuriedTreasure": false,
    "oceanRuinType": "NONE",
    "spawnNetherBridge": false,
    "spawnNetherFossil": false,
    "spawnBastionRemnant": false,
    "spawnEndCity": false,
    "spawnRuinedPortal": "NONE",
    "defaultFeatures": [
      "Caves",
      "Ores",
      "FrozenTopLayer"
    ],
    "spawnEntries": []
  }
}