{
  "_fv": 34,
  "_type": "tool",
  "definition": {
    "renderType": 0,
    "texture": "17",
    "customModelName": "Normal",
    "name": "Ruby_equipment Sword",
    "specialInfo": [],
    "creativeTab": {
      "value": "CUSTOM:Rubytab"
    },
    "toolType": "Sword",
    "harvestLevel": 5,
    "efficiency": 12.0,
    "attackSpeed": 1.6,
    "enchantability": 22,
    "damageVsEntity": 7.0,
    "usageCount": 2031,
    "blocksAffected": [],
    "hasGlow": false,
    "repairItems": [
      {
        "value": "CUSTOM:Ruby"
      }
    ],
    "immuneToFire": true,
    "stayInGridWhenCrafting": true,
    "damageOnCrafting": false
  }
}