{
  "_fv": 34,
  "_type": "gui",
  "definition": {
    "type": 0,
    "width": 190,
    "height": 166,
    "inventoryOffsetX": 0,
    "inventoryOffsetY": 0,
    "renderBgLayer": true,
    "doesPauseGame": false,
    "components": [
      {
        "type": "button",
        "data": {
          "text": "Scar Warrior",
          "onClick": {
            "name": "AscarProc"
          },
          "width": 63,
          "height": 20,
          "name": "Scar Warrior",
          "x": 232,
          "y": 78
        }
      },
      {
        "type": "button",
        "data": {
          "text": "Anti-scar",
          "onClick": {
            "name": "FireProc"
          },
          "width": 51,
          "height": 20,
          "name": "Anti-scar",
          "x": 133,
          "y": 78
        }
      },
      {
        "type": "image",
        "data": {
          "image": "scar_warrior.png",
          "use1Xscale": false,
          "name": "scar_warrior.png",
          "x": 248,
          "y": 41
        }
      },
      {
        "type": "image",
        "data": {
          "image": "anti_scar.png",
          "use1Xscale": false,
          "name": "anti_scar.png",
          "x": 136,
          "y": 20
        }
      }
    ],
    "gridSettings": {
      "sx": 18,
      "sy": 18,
      "ox": 11,
      "oy": 15,
      "snapOnGrid": false
    }
  }
}