{
  "_fv": 34,
  "_type": "biome",
  "definition": {
    "name": "Wolf_forest",
    "groundBlock": {
      "value": "Blocks.MYCELIUM"
    },
    "undergroundBlock": {
      "value": "Blocks.DIRT#1"
    },
    "underwaterBlock": {
      "value": ""
    },
    "airColor": {
      "value": -10543424,
      "falpha": 0.0
    },
    "grassColor": {
      "value": -6684775,
      "falpha": 0.0
    },
    "foliageColor": {
      "value": -6710785,
      "falpha": 0.0
    },
    "waterColor": {
      "value": -10066177,
      "falpha": 0.0
    },
    "waterFogColor": {
      "value": -6710785,
      "falpha": 0.0
    },
    "ambientSound": {
      "value": "CUSTOM:music_of_the_forest_of_wolves_biome"
    },
    "additionsSound": {
      "value": ""
    },
    "music": {
      "value": ""
    },
    "moodSound": {
      "value": "ambient.cave"
    },
    "moodSoundDelay": 2000,
    "spawnParticles": false,
    "particleToSpawn": {
      "value": "EXPLOSION_NORMAL"
    },
    "particlesProbability": 0.5,
    "rainingPossibility": 0.6,
    "temperature": 0.4,
    "baseHeight": 0.2,
    "heightVariation": 0.30000000000000004,
    "spawnBiome": false,
    "spawnBiomeNether": false,
    "spawnInCaves": false,
    "biomeWeight": 5,
    "grassPerChunk": 0,
    "seagrassPerChunk": 0,
    "flowersPerChunk": 0,
    "mushroomsPerChunk": 6,
    "bigMushroomsChunk": 1,
    "sandPatchesPerChunk": 0,
    "gravelPatchesPerChunk": 0,
    "reedsPerChunk": 0,
    "cactiPerChunk": 0,
    "treesPerChunk": 7,
    "vanillaTreeType": "Default",
    "treeType": 1,
    "minHeight": 8,
    "treeStem": {
      "value": "Blocks.LOG#1"
    },
    "treeBranch": {
      "value": "CUSTOM:Leaveswolfforest"
    },
    "treeVines": {
      "value": "Blocks.GLOW_LICHEN"
    },
    "treeFruits": {
      "value": "Blocks.WEB"
    },
    "spawnStronghold": false,
    "spawnMineshaft": false,
    "spawnMineshaftMesa": false,
    "spawnPillagerOutpost": true,
    "villageType": "none",
    "spawnWoodlandMansion": false,
    "spawnJungleTemple": false,
    "spawnDesertPyramid": false,
    "spawnSwampHut": true,
    "spawnIgloo": false,
    "spawnOceanMonument": false,
    "spawnShipwreck": false,
    "spawnShipwreckBeached": false,
    "spawnBuriedTreasure": false,
    "oceanRuinType": "NONE",
    "spawnNetherBridge": false,
    "spawnNetherFossil": false,
    "spawnBastionRemnant": false,
    "spawnEndCity": false,
    "spawnRuinedPortal": "NONE",
    "defaultFeatures": [
      "Ores"
    ],
    "spawnEntries": []
  }
}